product_name,Description,Dimensions,Rooms,Category,Price,Availability,Contact,Supplier,Link,ImageFile,DateAdded
brown ceilieng fan,DC fan for indoor area,45 cm diameter,"Bedroom, Kitchen, Dining Room",Lighting,1400,Limited Stock,972584579899.0,Ofer test,https://www.mrken-fan.com/product-detail/456,images/brown_ceilieng_fan_20190321090639.png,2025-07-03
Piano,white piano for the poolside,200X40,"Bathroom, Master Bedroom, Dining Room",Furniture,30000,In Stock,,Toni,,,2025-07-03
Piano,A white piano for the poolside,200X40,"Bathroom, Master Bedroom, Dining Room",Furniture,30000,In Stock,972584579899.0,Toni,,,2025-07-03
piano,test for test,63X12,Master Bedroom,Furniture,234,In Stock,972584579899.0,,,,2025-07-03
piano,Test test ,32,Master Bedroom,Tile,0,In Stock,,,,images/piano_download.jpg,2025-07-04
test rabit,white,,"Master Bedroom, Kitchen",Tile,0,In Stock,,,,images/test_rabit_download.jpg,2025-07-04
piano,Test for ella,,Kitchen,Tile,0,In Stock,,,,images/piano_download.jpg,2025-07-04
cat,Test for Ella,,"Master Bedroom, Dining Room",Tile,1,In Stock,,,,images/cat_download.jpg,2025-07-04
Beautefol picture,Test for Ella,,Master Bedroom,Tile,0,In Stock,,,,images/Beautefol_picture_download.jpg,2025-07-04
sun,Test again,,Outdoor,Tile,0,In Stock,,,,images/sun_e9412ceb.jpg,2025-07-04
Mars,Test only,,"Dining Room, Bathroom",Tile,0,In Stock,,,,images/Mars_73c43b11.jpg,2025-07-06
earth,Test,,"Bathroom, Outdoor",Tile,0,In Stock,,,,,2025-07-06
